fold_year,mean_ic,ic_std,ic_ir,hit_rate,n_days
2020,0.025767738752552026,0.26152176916602915,0.09852999555151057,0.5059288537549407,253
2021,0.005672512965582274,0.23868834871812736,0.02376535342443999,0.4880952380952381,252
2022,-0.0174722101692241,0.30402844389554523,-0.057468998444194945,0.46613545816733065,251
2023,0.04909083564356436,0.18234234475914987,0.26922345277728477,0.568,250
2024,0.030411387610974224,0.20097907455966188,0.15131618889978726,0.5793650793650794,252
2025,0.015759635643564363,0.21143552836387267,0.07453636465694931,0.516,250
2026,0.008752475247524757,0.11715130741957042,0.0747108627322296,0.3333333333333333,6
